file_format	lab	dataset	aliases	award	submitted_file_name	output_type	assembly	file_format	status	md5sum
bed9	c7833572-0bba-4835-9d22-a45f39250d8d	ENCSR702LRW	roadmap-epigenomics:E031_15_coreMarks_dense.bed	b15147e2-eadb-44f3-bb89-597657a01d47	s3://regulomedb/Histone_modification/REMC_core_127/E031_15_coreMarks_mnemonics.bed.gz	semi-automated genome annotation	hg19	bigBed	archived	f7c724d442248a902660b2ad7601eeda2
bed9	c7833572-0bba-4835-9d22-a45f39250d8d	ENCSR638FGP	roadmap-epigenomics:E121_15_coreMarks_dense.bed	b15147e2-eadb-44f3-bb89-597657a01d47	s3://regulomedb/Histone_modification/REMC_core_127/E121_15_coreMarks_mnemonics.bed.gz	semi-automated genome annotation	hg19	bigBed	archived	2b25d6c69c631ae0a8710ac5dcd055032
bed9	c7833572-0bba-4835-9d22-a45f39250d8d	ENCSR631CFZ	roadmap-epigenomics:E072_15_coreMarks_dense.bed	b15147e2-eadb-44f3-bb89-597657a01d47	s3://regulomedb/Histone_modification/REMC_core_127/E072_15_coreMarks_mnemonics.bed.gz	semi-automated genome annotation	hg19	bigBed	archived	2b2b944e6b0f58e4035725acc45824a02
bed9	c7833572-0bba-4835-9d22-a45f39250d8d	ENCSR106SJE	roadmap-epigenomics:E120_15_coreMarks_dense.bed	b15147e2-eadb-44f3-bb89-597657a01d47	s3://regulomedb/Histone_modification/REMC_core_127/E120_15_coreMarks_mnemonics.bed.gz	semi-automated genome annotation	hg19	bigBed	archived	8b7bcb316e8e10ffbb14b6ff7449e8882
bed9	c7833572-0bba-4835-9d22-a45f39250d8d	ENCSR012JCL	roadmap-epigenomics:E023_15_coreMarks_dense.bed	b15147e2-eadb-44f3-bb89-597657a01d47	s3://regulomedb/Histone_modification/REMC_core_127/E023_15_coreMarks_mnemonics.bed.gz	semi-automated genome annotation	hg19	bigBed	archived	f0aca0c86011b0ba9d7da0a4982e7f073
bed9	c7833572-0bba-4835-9d22-a45f39250d8d	ENCSR102FJT	roadmap-epigenomics:E077_15_coreMarks_dense.bed	b15147e2-eadb-44f3-bb89-597657a01d47	s3://regulomedb/Histone_modification/REMC_core_127/E077_15_coreMarks_mnemonics.bed.gz	semi-automated genome annotation	hg19	bigBed	archived	69c595b0faeb88b2de34f2d5c6f2ab3d2
bed9	c7833572-0bba-4835-9d22-a45f39250d8d	ENCSR218SQV	roadmap-epigenomics:E068_15_coreMarks_dense.bed	b15147e2-eadb-44f3-bb89-597657a01d47	s3://regulomedb/Histone_modification/REMC_core_127/E068_15_coreMarks_mnemonics.bed.gz	semi-automated genome annotation	hg19	bigBed	archived	8098994a0ff06ba1914d31735abd555f2
bed9	c7833572-0bba-4835-9d22-a45f39250d8d	ENCSR387EOP	roadmap-epigenomics:E076_15_coreMarks_dense.bed	b15147e2-eadb-44f3-bb89-597657a01d47	s3://regulomedb/Histone_modification/REMC_core_127/E076_15_coreMarks_mnemonics.bed.gz	semi-automated genome annotation	hg19	bigBed	archived	40b1d44308f8f6e47cc77aceae00cd722
bed9	c7833572-0bba-4835-9d22-a45f39250d8d	ENCSR030ROG	roadmap-epigenomics:E091_15_coreMarks_dense.bed	b15147e2-eadb-44f3-bb89-597657a01d47	s3://regulomedb/Histone_modification/REMC_core_127/E091_15_coreMarks_mnemonics.bed.gz	semi-automated genome annotation	hg19	bigBed	archived	b8fa9dcab46554a125f2c57ad58254d82
bed9	c7833572-0bba-4835-9d22-a45f39250d8d	ENCSR555XQR	roadmap-epigenomics:E011_15_coreMarks_dense.bed	b15147e2-eadb-44f3-bb89-597657a01d47	s3://regulomedb/Histone_modification/REMC_core_127/E011_15_coreMarks_mnemonics.bed.gz	semi-automated genome annotation	hg19	bigBed	archived	fc0b58bd4b9e82d0a32e669d4dc4e87f3
bed9	c7833572-0bba-4835-9d22-a45f39250d8d	ENCSR845EXP	roadmap-epigenomics:E125_15_coreMarks_dense.bed	b15147e2-eadb-44f3-bb89-597657a01d47	s3://regulomedb/Histone_modification/REMC_core_127/E125_15_coreMarks_mnemonics.bed.gz	semi-automated genome annotation	hg19	bigBed	archived	14f40898741276fc70088dd0c98ce9392
bed9	c7833572-0bba-4835-9d22-a45f39250d8d	ENCSR137DTT	roadmap-epigenomics:E084_15_coreMarks_dense.bed	b15147e2-eadb-44f3-bb89-597657a01d47	s3://regulomedb/Histone_modification/REMC_core_127/E084_15_coreMarks_mnemonics.bed.gz	semi-automated genome annotation	hg19	bigBed	archived	8096ce32a11d61fb4ebea103f9c131d22
bed9	c7833572-0bba-4835-9d22-a45f39250d8d	ENCSR435TNG	roadmap-epigenomics:E006_15_coreMarks_dense.bed	b15147e2-eadb-44f3-bb89-597657a01d47	s3://regulomedb/Histone_modification/REMC_core_127/E006_15_coreMarks_mnemonics.bed.gz	semi-automated genome annotation	hg19	bigBed	archived	e666d83a498a282a2eddcbe6e0af1cd73
bed9	c7833572-0bba-4835-9d22-a45f39250d8d	ENCSR333HFX	roadmap-epigenomics:E075_15_coreMarks_dense.bed	b15147e2-eadb-44f3-bb89-597657a01d47	s3://regulomedb/Histone_modification/REMC_core_127/E075_15_coreMarks_mnemonics.bed.gz	semi-automated genome annotation	hg19	bigBed	archived	8419eb77504490cb96068fd019a133fb2
bed9	c7833572-0bba-4835-9d22-a45f39250d8d	ENCSR497SKR	roadmap-epigenomics:E117_15_coreMarks_dense.bed	b15147e2-eadb-44f3-bb89-597657a01d47	s3://regulomedb/Histone_modification/REMC_core_127/E117_15_coreMarks_mnemonics.bed.gz	semi-automated genome annotation	hg19	bigBed	archived	6687a0f0da93f945581c8f1d2219fb772
bed9	c7833572-0bba-4835-9d22-a45f39250d8d	ENCSR230YOA	roadmap-epigenomics:E071_15_coreMarks_dense.bed	b15147e2-eadb-44f3-bb89-597657a01d47	s3://regulomedb/Histone_modification/REMC_core_127/E071_15_coreMarks_mnemonics.bed.gz	semi-automated genome annotation	hg19	bigBed	archived	4f5f2ef73b74be94235bd48b81907f612
bed9	c7833572-0bba-4835-9d22-a45f39250d8d	ENCSR242AKQ	roadmap-epigenomics:E025_15_coreMarks_dense.bed	b15147e2-eadb-44f3-bb89-597657a01d47	s3://regulomedb/Histone_modification/REMC_core_127/E025_15_coreMarks_mnemonics.bed.gz	semi-automated genome annotation	hg19	bigBed	archived	9c3fd5d5f454fc615a2f90e06f3fe8d93
bed9	c7833572-0bba-4835-9d22-a45f39250d8d	ENCSR114EOL	roadmap-epigenomics:E057_15_coreMarks_dense.bed	b15147e2-eadb-44f3-bb89-597657a01d47	s3://regulomedb/Histone_modification/REMC_core_127/E057_15_coreMarks_mnemonics.bed.gz	semi-automated genome annotation	hg19	bigBed	archived	84f518581cf1797e6a2589879da908962
bed9	c7833572-0bba-4835-9d22-a45f39250d8d	ENCSR226GKP	roadmap-epigenomics:E010_15_coreMarks_dense.bed	b15147e2-eadb-44f3-bb89-597657a01d47	s3://regulomedb/Histone_modification/REMC_core_127/E010_15_coreMarks_mnemonics.bed.gz	semi-automated genome annotation	hg19	bigBed	archived	63f672847fc44b0d795ff64231217f362
bed9	c7833572-0bba-4835-9d22-a45f39250d8d	ENCSR511LLY	roadmap-epigenomics:E067_15_coreMarks_dense.bed	b15147e2-eadb-44f3-bb89-597657a01d47	s3://regulomedb/Histone_modification/REMC_core_127/E067_15_coreMarks_mnemonics.bed.gz	semi-automated genome annotation	hg19	bigBed	archived	595b02b4a44607045a0ef5219c957e402
bed9	c7833572-0bba-4835-9d22-a45f39250d8d	ENCSR438DQT	roadmap-epigenomics:E034_15_coreMarks_dense.bed	b15147e2-eadb-44f3-bb89-597657a01d47	s3://regulomedb/Histone_modification/REMC_core_127/E034_15_coreMarks_mnemonics.bed.gz	semi-automated genome annotation	hg19	bigBed	archived	db1d30b080fe4dcb99221bcb282ad2872
bed9	c7833572-0bba-4835-9d22-a45f39250d8d	ENCSR477KTS	roadmap-epigenomics:E080_15_coreMarks_dense.bed	b15147e2-eadb-44f3-bb89-597657a01d47	s3://regulomedb/Histone_modification/REMC_core_127/E080_15_coreMarks_mnemonics.bed.gz	semi-automated genome annotation	hg19	bigBed	archived	931d5cfaba47d07ea347be3d61ca73ef3
bed9	c7833572-0bba-4835-9d22-a45f39250d8d	ENCSR732LUZ	roadmap-epigenomics:E042_15_coreMarks_dense.bed	b15147e2-eadb-44f3-bb89-597657a01d47	s3://regulomedb/Histone_modification/REMC_core_127/E042_15_coreMarks_mnemonics.bed.gz	semi-automated genome annotation	hg19	bigBed	archived	6b5687c1004b2bd323e4e3d66ed855b62
bed9	c7833572-0bba-4835-9d22-a45f39250d8d	ENCSR730KDH	roadmap-epigenomics:E029_15_coreMarks_dense.bed	b15147e2-eadb-44f3-bb89-597657a01d47	s3://regulomedb/Histone_modification/REMC_core_127/E029_15_coreMarks_mnemonics.bed.gz	semi-automated genome annotation	hg19	bigBed	archived	c806a0e02ae91e38c45ac5a30b054b012
bed9	c7833572-0bba-4835-9d22-a45f39250d8d	ENCSR647VER	roadmap-epigenomics:E065_15_coreMarks_dense.bed	b15147e2-eadb-44f3-bb89-597657a01d47	s3://regulomedb/Histone_modification/REMC_core_127/E065_15_coreMarks_mnemonics.bed.gz	semi-automated genome annotation	hg19	bigBed	archived	475de710487152d47c285529a41ec4562
bed9	c7833572-0bba-4835-9d22-a45f39250d8d	ENCSR097DGV	roadmap-epigenomics:E088_15_coreMarks_dense.bed	b15147e2-eadb-44f3-bb89-597657a01d47	s3://regulomedb/Histone_modification/REMC_core_127/E088_15_coreMarks_mnemonics.bed.gz	semi-automated genome annotation	hg19	bigBed	archived	6eef665b3a7924bc5d41e01ae0b3e3b72
bed9	c7833572-0bba-4835-9d22-a45f39250d8d	ENCSR751EUR	roadmap-epigenomics:E020_15_coreMarks_dense.bed	b15147e2-eadb-44f3-bb89-597657a01d47	s3://regulomedb/Histone_modification/REMC_core_127/E020_15_coreMarks_mnemonics.bed.gz	semi-automated genome annotation	hg19	bigBed	archived	5f98fcf0122ce55fa543211309a1f3262
bed9	c7833572-0bba-4835-9d22-a45f39250d8d	ENCSR092NKJ	roadmap-epigenomics:E019_15_coreMarks_dense.bed	b15147e2-eadb-44f3-bb89-597657a01d47	s3://regulomedb/Histone_modification/REMC_core_127/E019_15_coreMarks_mnemonics.bed.gz	semi-automated genome annotation	hg19	bigBed	archived	ce3ba59f3c8162954c6e208839c542b82
bed9	c7833572-0bba-4835-9d22-a45f39250d8d	ENCSR132QDU	roadmap-epigenomics:E112_15_coreMarks_dense.bed	b15147e2-eadb-44f3-bb89-597657a01d47	s3://regulomedb/Histone_modification/REMC_core_127/E112_15_coreMarks_mnemonics.bed.gz	semi-automated genome annotation	hg19	bigBed	archived	9aa883cef5ae8ea332b9666e0f87fece2
bed9	c7833572-0bba-4835-9d22-a45f39250d8d	ENCSR914SXP	roadmap-epigenomics:E007_15_coreMarks_dense.bed	b15147e2-eadb-44f3-bb89-597657a01d47	s3://regulomedb/Histone_modification/REMC_core_127/E007_15_coreMarks_mnemonics.bed.gz	semi-automated genome annotation	hg19	bigBed	archived	5bad79e2a0b5dcce6d90fe9b53fc4acd2
bed9	c7833572-0bba-4835-9d22-a45f39250d8d	ENCSR926NQL	roadmap-epigenomics:E087_15_coreMarks_dense.bed	b15147e2-eadb-44f3-bb89-597657a01d47	s3://regulomedb/Histone_modification/REMC_core_127/E087_15_coreMarks_mnemonics.bed.gz	semi-automated genome annotation	hg19	bigBed	archived	c52f3e201968a44979499f5f970b3c9d2
bed9	c7833572-0bba-4835-9d22-a45f39250d8d	ENCSR554TYJ	roadmap-epigenomics:E049_15_coreMarks_dense.bed	b15147e2-eadb-44f3-bb89-597657a01d47	s3://regulomedb/Histone_modification/REMC_core_127/E049_15_coreMarks_mnemonics.bed.gz	semi-automated genome annotation	hg19	bigBed	archived	80a5c2a6bad9f278b0193bdcf0898dfa3
bed9	c7833572-0bba-4835-9d22-a45f39250d8d	ENCSR472MUD	roadmap-epigenomics:E038_15_coreMarks_dense.bed	b15147e2-eadb-44f3-bb89-597657a01d47	s3://regulomedb/Histone_modification/REMC_core_127/E038_15_coreMarks_mnemonics.bed.gz	semi-automated genome annotation	hg19	bigBed	archived	50c51172ed6b7ce4ea2966355570cbb02
bed9	c7833572-0bba-4835-9d22-a45f39250d8d	ENCSR657AXF	roadmap-epigenomics:E046_15_coreMarks_dense.bed	b15147e2-eadb-44f3-bb89-597657a01d47	s3://regulomedb/Histone_modification/REMC_core_127/E046_15_coreMarks_mnemonics.bed.gz	semi-automated genome annotation	hg19	bigBed	archived	18c6b69cbbb9ff9677401341e04a8df42
bed9	c7833572-0bba-4835-9d22-a45f39250d8d	ENCSR357PSK	roadmap-epigenomics:E101_15_coreMarks_dense.bed	b15147e2-eadb-44f3-bb89-597657a01d47	s3://regulomedb/Histone_modification/REMC_core_127/E101_15_coreMarks_mnemonics.bed.gz	semi-automated genome annotation	hg19	bigBed	archived	f06f0e79cef4b72a8d6e3009ac681cba2
bed9	c7833572-0bba-4835-9d22-a45f39250d8d	ENCSR778VCW	roadmap-epigenomics:E005_15_coreMarks_dense.bed	b15147e2-eadb-44f3-bb89-597657a01d47	s3://regulomedb/Histone_modification/REMC_core_127/E005_15_coreMarks_mnemonics.bed.gz	semi-automated genome annotation	hg19	bigBed	archived	52078645138ac43151af3bd1ebb898392
bed9	c7833572-0bba-4835-9d22-a45f39250d8d	ENCSR817TZJ	roadmap-epigenomics:E051_15_coreMarks_dense.bed	b15147e2-eadb-44f3-bb89-597657a01d47	s3://regulomedb/Histone_modification/REMC_core_127/E051_15_coreMarks_mnemonics.bed.gz	semi-automated genome annotation	hg19	bigBed	archived	ebed29000c1ab864109ff8e9e4d548ab3
bed9	c7833572-0bba-4835-9d22-a45f39250d8d	ENCSR582VJY	roadmap-epigenomics:E126_15_coreMarks_dense.bed	b15147e2-eadb-44f3-bb89-597657a01d47	s3://regulomedb/Histone_modification/REMC_core_127/E126_15_coreMarks_mnemonics.bed.gz	semi-automated genome annotation	hg19	bigBed	archived	3b5296bc6c3cac8fc266c993f94fab152
bed9	c7833572-0bba-4835-9d22-a45f39250d8d	ENCSR535DCE	roadmap-epigenomics:E108_15_coreMarks_dense.bed	b15147e2-eadb-44f3-bb89-597657a01d47	s3://regulomedb/Histone_modification/REMC_core_127/E108_15_coreMarks_mnemonics.bed.gz	semi-automated genome annotation	hg19	bigBed	archived	8a39c00794ed964b7eec2eb2ea36e3b02
bed9	c7833572-0bba-4835-9d22-a45f39250d8d	ENCSR470JBD	roadmap-epigenomics:E074_15_coreMarks_dense.bed	b15147e2-eadb-44f3-bb89-597657a01d47	s3://regulomedb/Histone_modification/REMC_core_127/E074_15_coreMarks_mnemonics.bed.gz	semi-automated genome annotation	hg19	bigBed	archived	54fc09f6e537ee80634ba30038f5d8ba2
bed9	c7833572-0bba-4835-9d22-a45f39250d8d	ENCSR323UGM	roadmap-epigenomics:E124_15_coreMarks_dense.bed	b15147e2-eadb-44f3-bb89-597657a01d47	s3://regulomedb/Histone_modification/REMC_core_127/E124_15_coreMarks_mnemonics.bed.gz	semi-automated genome annotation	hg19	bigBed	archived	818307246815a6d67ec2ded184342bca2
bed9	c7833572-0bba-4835-9d22-a45f39250d8d	ENCSR576EUL	roadmap-epigenomics:E109_15_coreMarks_dense.bed	b15147e2-eadb-44f3-bb89-597657a01d47	s3://regulomedb/Histone_modification/REMC_core_127/E109_15_coreMarks_mnemonics.bed.gz	semi-automated genome annotation	hg19	bigBed	archived	b5a1ae33abf3f958318428fca95d00b92
bed9	c7833572-0bba-4835-9d22-a45f39250d8d	ENCSR922ASQ	roadmap-epigenomics:E012_15_coreMarks_dense.bed	b15147e2-eadb-44f3-bb89-597657a01d47	s3://regulomedb/Histone_modification/REMC_core_127/E012_15_coreMarks_mnemonics.bed.gz	semi-automated genome annotation	hg19	bigBed	archived	5db4df0f891a7ab28d132d2cc32faae42
bed9	c7833572-0bba-4835-9d22-a45f39250d8d	ENCSR294MFM	roadmap-epigenomics:E078_15_coreMarks_dense.bed	b15147e2-eadb-44f3-bb89-597657a01d47	s3://regulomedb/Histone_modification/REMC_core_127/E078_15_coreMarks_mnemonics.bed.gz	semi-automated genome annotation	hg19	bigBed	archived	bd703e8031006269c3be183efb8e1e942
bed9	c7833572-0bba-4835-9d22-a45f39250d8d	ENCSR352UHI	roadmap-epigenomics:E026_15_coreMarks_dense.bed	b15147e2-eadb-44f3-bb89-597657a01d47	s3://regulomedb/Histone_modification/REMC_core_127/E026_15_coreMarks_mnemonics.bed.gz	semi-automated genome annotation	hg19	bigBed	archived	ce29836cb466c5311258ab184a0dbeb62
bed9	c7833572-0bba-4835-9d22-a45f39250d8d	ENCSR573QKB	roadmap-epigenomics:E039_15_coreMarks_dense.bed	b15147e2-eadb-44f3-bb89-597657a01d47	s3://regulomedb/Histone_modification/REMC_core_127/E039_15_coreMarks_mnemonics.bed.gz	semi-automated genome annotation	hg19	bigBed	archived	c47480241a4fb31974ff3da1ed3be4ca2
bed9	c7833572-0bba-4835-9d22-a45f39250d8d	ENCSR648FUF	roadmap-epigenomics:E063_15_coreMarks_dense.bed	b15147e2-eadb-44f3-bb89-597657a01d47	s3://regulomedb/Histone_modification/REMC_core_127/E063_15_coreMarks_mnemonics.bed.gz	semi-automated genome annotation	hg19	bigBed	archived	89583d4a3a687490c6ce67de3be17e1d3
bed9	c7833572-0bba-4835-9d22-a45f39250d8d	ENCSR550VPH	roadmap-epigenomics:E062_15_coreMarks_dense.bed	b15147e2-eadb-44f3-bb89-597657a01d47	s3://regulomedb/Histone_modification/REMC_core_127/E062_15_coreMarks_mnemonics.bed.gz	semi-automated genome annotation	hg19	bigBed	archived	dbeaca5553217c098d96860a4b5d36e22
bed9	c7833572-0bba-4835-9d22-a45f39250d8d	ENCSR818OJQ	roadmap-epigenomics:E082_15_coreMarks_dense.bed	b15147e2-eadb-44f3-bb89-597657a01d47	s3://regulomedb/Histone_modification/REMC_core_127/E082_15_coreMarks_mnemonics.bed.gz	semi-automated genome annotation	hg19	bigBed	archived	9d6e46f3a0dd3dae4c77a7621e2b3fc12
bed9	c7833572-0bba-4835-9d22-a45f39250d8d	ENCSR345LHV	roadmap-epigenomics:E115_15_coreMarks_dense.bed	b15147e2-eadb-44f3-bb89-597657a01d47	s3://regulomedb/Histone_modification/REMC_core_127/E115_15_coreMarks_mnemonics.bed.gz	semi-automated genome annotation	hg19	bigBed	archived	115f4ef07f6abe5b2fef12ac5032d14e2
bed9	c7833572-0bba-4835-9d22-a45f39250d8d	ENCSR294MLC	roadmap-epigenomics:E052_15_coreMarks_dense.bed	b15147e2-eadb-44f3-bb89-597657a01d47	s3://regulomedb/Histone_modification/REMC_core_127/E052_15_coreMarks_mnemonics.bed.gz	semi-automated genome annotation	hg19	bigBed	archived	35ac908c179bd3069cea85bf9df016ec2
bed9	c7833572-0bba-4835-9d22-a45f39250d8d	ENCSR754XUG	roadmap-epigenomics:E102_15_coreMarks_dense.bed	b15147e2-eadb-44f3-bb89-597657a01d47	s3://regulomedb/Histone_modification/REMC_core_127/E102_15_coreMarks_mnemonics.bed.gz	semi-automated genome annotation	hg19	bigBed	archived	3af51892ac46b2c9e8db5e9cbb03b0182
bed9	c7833572-0bba-4835-9d22-a45f39250d8d	ENCSR216UCB	roadmap-epigenomics:E043_15_coreMarks_dense.bed	b15147e2-eadb-44f3-bb89-597657a01d47	s3://regulomedb/Histone_modification/REMC_core_127/E043_15_coreMarks_mnemonics.bed.gz	semi-automated genome annotation	hg19	bigBed	archived	1b1cd91777a444e942de9e5d3f75bd602
bed9	c7833572-0bba-4835-9d22-a45f39250d8d	ENCSR538BFF	roadmap-epigenomics:E116_15_coreMarks_dense.bed	b15147e2-eadb-44f3-bb89-597657a01d47	s3://regulomedb/Histone_modification/REMC_core_127/E116_15_coreMarks_mnemonics.bed.gz	semi-automated genome annotation	hg19	bigBed	archived	9b051d84396b950531c782e701fdcbfe2
bed9	c7833572-0bba-4835-9d22-a45f39250d8d	ENCSR042YNR	roadmap-epigenomics:E119_15_coreMarks_dense.bed	b15147e2-eadb-44f3-bb89-597657a01d47	s3://regulomedb/Histone_modification/REMC_core_127/E119_15_coreMarks_mnemonics.bed.gz	semi-automated genome annotation	hg19	bigBed	archived	98d7ffa9e5d93bd6c611a67877057eb52
bed9	c7833572-0bba-4835-9d22-a45f39250d8d	ENCSR201LRG	roadmap-epigenomics:E015_15_coreMarks_dense.bed	b15147e2-eadb-44f3-bb89-597657a01d47	s3://regulomedb/Histone_modification/REMC_core_127/E015_15_coreMarks_mnemonics.bed.gz	semi-automated genome annotation	hg19	bigBed	archived	5b05c2779005af88420ed77749b4355f3
bed9	c7833572-0bba-4835-9d22-a45f39250d8d	ENCSR672ISD	roadmap-epigenomics:E073_15_coreMarks_dense.bed	b15147e2-eadb-44f3-bb89-597657a01d47	s3://regulomedb/Histone_modification/REMC_core_127/E073_15_coreMarks_mnemonics.bed.gz	semi-automated genome annotation	hg19	bigBed	archived	8e1d79a4cba5565dd73aa9873343cbfb2
bed9	c7833572-0bba-4835-9d22-a45f39250d8d	ENCSR852SYY	roadmap-epigenomics:E058_15_coreMarks_dense.bed	b15147e2-eadb-44f3-bb89-597657a01d47	s3://regulomedb/Histone_modification/REMC_core_127/E058_15_coreMarks_mnemonics.bed.gz	semi-automated genome annotation	hg19	bigBed	archived	1bc6737e5884d58c254cbf0ed1e1ff1b3
bed9	c7833572-0bba-4835-9d22-a45f39250d8d	ENCSR592CXT	roadmap-epigenomics:E003_15_coreMarks_dense.bed	b15147e2-eadb-44f3-bb89-597657a01d47	s3://regulomedb/Histone_modification/REMC_core_127/E003_15_coreMarks_mnemonics.bed.gz	semi-automated genome annotation	hg19	bigBed	archived	a3c33798b88ac6c20ad7be47c00d5fbc2
bed9	c7833572-0bba-4835-9d22-a45f39250d8d	ENCSR685OAU	roadmap-epigenomics:E122_15_coreMarks_dense.bed	b15147e2-eadb-44f3-bb89-597657a01d47	s3://regulomedb/Histone_modification/REMC_core_127/E122_15_coreMarks_mnemonics.bed.gz	semi-automated genome annotation	hg19	bigBed	archived	5bf798045d54b7bdeeffa197ed78ee162
bed9	c7833572-0bba-4835-9d22-a45f39250d8d	ENCSR566ICL	roadmap-epigenomics:E030_15_coreMarks_dense.bed	b15147e2-eadb-44f3-bb89-597657a01d47	s3://regulomedb/Histone_modification/REMC_core_127/E030_15_coreMarks_mnemonics.bed.gz	semi-automated genome annotation	hg19	bigBed	archived	e80923f45e1f51647385379fb1ae4b312
bed9	c7833572-0bba-4835-9d22-a45f39250d8d	ENCSR584EPI	roadmap-epigenomics:E045_15_coreMarks_dense.bed	b15147e2-eadb-44f3-bb89-597657a01d47	s3://regulomedb/Histone_modification/REMC_core_127/E045_15_coreMarks_mnemonics.bed.gz	semi-automated genome annotation	hg19	bigBed	archived	140580a5eb39866502ac59655ab57cfb2
bed9	c7833572-0bba-4835-9d22-a45f39250d8d	ENCSR711QHB	roadmap-epigenomics:E070_15_coreMarks_dense.bed	b15147e2-eadb-44f3-bb89-597657a01d47	s3://regulomedb/Histone_modification/REMC_core_127/E070_15_coreMarks_mnemonics.bed.gz	semi-automated genome annotation	hg19	bigBed	archived	b159c147ac3243409a8b6479c8581cc22
bed9	c7833572-0bba-4835-9d22-a45f39250d8d	ENCSR581XSQ	roadmap-epigenomics:E114_15_coreMarks_dense.bed	b15147e2-eadb-44f3-bb89-597657a01d47	s3://regulomedb/Histone_modification/REMC_core_127/E114_15_coreMarks_mnemonics.bed.gz	semi-automated genome annotation	hg19	bigBed	archived	68ca812f490e34b78a8f6a7b382890d62
bed9	c7833572-0bba-4835-9d22-a45f39250d8d	ENCSR639MZU	roadmap-epigenomics:E094_15_coreMarks_dense.bed	b15147e2-eadb-44f3-bb89-597657a01d47	s3://regulomedb/Histone_modification/REMC_core_127/E094_15_coreMarks_mnemonics.bed.gz	semi-automated genome annotation	hg19	bigBed	archived	b974d5ba41e2d3eb1c48314939ef38bf2
bed9	c7833572-0bba-4835-9d22-a45f39250d8d	ENCSR134JXC	roadmap-epigenomics:E123_15_coreMarks_dense.bed	b15147e2-eadb-44f3-bb89-597657a01d47	s3://regulomedb/Histone_modification/REMC_core_127/E123_15_coreMarks_mnemonics.bed.gz	semi-automated genome annotation	hg19	bigBed	archived	7df707cd22a3389fb47ea24dede5072c2
bed9	c7833572-0bba-4835-9d22-a45f39250d8d	ENCSR545CCD	roadmap-epigenomics:E106_15_coreMarks_dense.bed	b15147e2-eadb-44f3-bb89-597657a01d47	s3://regulomedb/Histone_modification/REMC_core_127/E106_15_coreMarks_mnemonics.bed.gz	semi-automated genome annotation	hg19	bigBed	archived	185e7ebdaffcbeeb23825c805feaa1202
bed9	c7833572-0bba-4835-9d22-a45f39250d8d	ENCSR430SFD	roadmap-epigenomics:E016_15_coreMarks_dense.bed	b15147e2-eadb-44f3-bb89-597657a01d47	s3://regulomedb/Histone_modification/REMC_core_127/E016_15_coreMarks_mnemonics.bed.gz	semi-automated genome annotation	hg19	bigBed	archived	e136fc4f5654361650645678d9c606412
bed9	c7833572-0bba-4835-9d22-a45f39250d8d	ENCSR854BAY	roadmap-epigenomics:E097_15_coreMarks_dense.bed	b15147e2-eadb-44f3-bb89-597657a01d47	s3://regulomedb/Histone_modification/REMC_core_127/E097_15_coreMarks_mnemonics.bed.gz	semi-automated genome annotation	hg19	bigBed	archived	eaff8841558a7a7bfbf930e34b40cfb92
bed9	c7833572-0bba-4835-9d22-a45f39250d8d	ENCSR832JVI	roadmap-epigenomics:E033_15_coreMarks_dense.bed	b15147e2-eadb-44f3-bb89-597657a01d47	s3://regulomedb/Histone_modification/REMC_core_127/E033_15_coreMarks_mnemonics.bed.gz	semi-automated genome annotation	hg19	bigBed	archived	b28b754156b3f78066ab622ac407e6b62
bed9	c7833572-0bba-4835-9d22-a45f39250d8d	ENCSR249PPX	roadmap-epigenomics:E090_15_coreMarks_dense.bed	b15147e2-eadb-44f3-bb89-597657a01d47	s3://regulomedb/Histone_modification/REMC_core_127/E090_15_coreMarks_mnemonics.bed.gz	semi-automated genome annotation	hg19	bigBed	archived	c6c73bd5fd13f42894f3ba40fc3ce48e3
bed9	c7833572-0bba-4835-9d22-a45f39250d8d	ENCSR233WUB	roadmap-epigenomics:E085_15_coreMarks_dense.bed	b15147e2-eadb-44f3-bb89-597657a01d47	s3://regulomedb/Histone_modification/REMC_core_127/E085_15_coreMarks_mnemonics.bed.gz	semi-automated genome annotation	hg19	bigBed	archived	cf6af373421feaa5f26b3e72a79ffe992
bed9	c7833572-0bba-4835-9d22-a45f39250d8d	ENCSR848QNS	roadmap-epigenomics:E127_15_coreMarks_dense.bed	b15147e2-eadb-44f3-bb89-597657a01d47	s3://regulomedb/Histone_modification/REMC_core_127/E127_15_coreMarks_mnemonics.bed.gz	semi-automated genome annotation	hg19	bigBed	archived	e5032919c9612524ad91455ac7579e082
bed9	c7833572-0bba-4835-9d22-a45f39250d8d	ENCSR410MBM	roadmap-epigenomics:E061_15_coreMarks_dense.bed	b15147e2-eadb-44f3-bb89-597657a01d47	s3://regulomedb/Histone_modification/REMC_core_127/E061_15_coreMarks_mnemonics.bed.gz	semi-automated genome annotation	hg19	bigBed	archived	77f87c584d7dfa5b011452c2553bef6a3
bed9	c7833572-0bba-4835-9d22-a45f39250d8d	ENCSR810TOW	roadmap-epigenomics:E014_15_coreMarks_dense.bed	b15147e2-eadb-44f3-bb89-597657a01d47	s3://regulomedb/Histone_modification/REMC_core_127/E014_15_coreMarks_mnemonics.bed.gz	semi-automated genome annotation	hg19	bigBed	archived	9e8015374d2f6d602525fd118d5ca28e2
bed9	c7833572-0bba-4835-9d22-a45f39250d8d	ENCSR499FMK	roadmap-epigenomics:E041_15_coreMarks_dense.bed	b15147e2-eadb-44f3-bb89-597657a01d47	s3://regulomedb/Histone_modification/REMC_core_127/E041_15_coreMarks_mnemonics.bed.gz	semi-automated genome annotation	hg19	bigBed	archived	8863fde177e67de6039d2fa0d61e56932
bed9	c7833572-0bba-4835-9d22-a45f39250d8d	ENCSR497NML	roadmap-epigenomics:E086_15_coreMarks_dense.bed	b15147e2-eadb-44f3-bb89-597657a01d47	s3://regulomedb/Histone_modification/REMC_core_127/E086_15_coreMarks_mnemonics.bed.gz	semi-automated genome annotation	hg19	bigBed	archived	e19526927abc8e89f8978ff6995e74de2
bed9	c7833572-0bba-4835-9d22-a45f39250d8d	ENCSR326TIS	roadmap-epigenomics:E013_15_coreMarks_dense.bed	b15147e2-eadb-44f3-bb89-597657a01d47	s3://regulomedb/Histone_modification/REMC_core_127/E013_15_coreMarks_mnemonics.bed.gz	semi-automated genome annotation	hg19	bigBed	archived	b2d12fbc74e519b17b487b37eac009eb2
bed9	c7833572-0bba-4835-9d22-a45f39250d8d	ENCSR547CLZ	roadmap-epigenomics:E079_15_coreMarks_dense.bed	b15147e2-eadb-44f3-bb89-597657a01d47	s3://regulomedb/Histone_modification/REMC_core_127/E079_15_coreMarks_mnemonics.bed.gz	semi-automated genome annotation	hg19	bigBed	archived	4fc4cc284e4adebb7f6757026f702d0f2
bed9	c7833572-0bba-4835-9d22-a45f39250d8d	ENCSR905DBO	roadmap-epigenomics:E002_15_coreMarks_dense.bed	b15147e2-eadb-44f3-bb89-597657a01d47	s3://regulomedb/Histone_modification/REMC_core_127/E002_15_coreMarks_mnemonics.bed.gz	semi-automated genome annotation	hg19	bigBed	archived	86d8140e55d817564114c98b164fda162
bed9	c7833572-0bba-4835-9d22-a45f39250d8d	ENCSR476XAR	roadmap-epigenomics:E104_15_coreMarks_dense.bed	b15147e2-eadb-44f3-bb89-597657a01d47	s3://regulomedb/Histone_modification/REMC_core_127/E104_15_coreMarks_mnemonics.bed.gz	semi-automated genome annotation	hg19	bigBed	archived	13927671b5250dadb15035163543ef132
bed9	c7833572-0bba-4835-9d22-a45f39250d8d	ENCSR770CMJ	roadmap-epigenomics:E081_15_coreMarks_dense.bed	b15147e2-eadb-44f3-bb89-597657a01d47	s3://regulomedb/Histone_modification/REMC_core_127/E081_15_coreMarks_mnemonics.bed.gz	semi-automated genome annotation	hg19	bigBed	archived	b81236cba1f3e65aed3b20ec079a30c12
bed9	c7833572-0bba-4835-9d22-a45f39250d8d	ENCSR427POU	roadmap-epigenomics:E083_15_coreMarks_dense.bed	b15147e2-eadb-44f3-bb89-597657a01d47	s3://regulomedb/Histone_modification/REMC_core_127/E083_15_coreMarks_mnemonics.bed.gz	semi-automated genome annotation	hg19	bigBed	archived	2b3a7511ac608bc84180241b90063eb32
bed9	c7833572-0bba-4835-9d22-a45f39250d8d	ENCSR242SOD	roadmap-epigenomics:E047_15_coreMarks_dense.bed	b15147e2-eadb-44f3-bb89-597657a01d47	s3://regulomedb/Histone_modification/REMC_core_127/E047_15_coreMarks_mnemonics.bed.gz	semi-automated genome annotation	hg19	bigBed	archived	b4d413001984e9b10b50c448098d186e2
bed9	c7833572-0bba-4835-9d22-a45f39250d8d	ENCSR861TXO	roadmap-epigenomics:E099_15_coreMarks_dense.bed	b15147e2-eadb-44f3-bb89-597657a01d47	s3://regulomedb/Histone_modification/REMC_core_127/E099_15_coreMarks_mnemonics.bed.gz	semi-automated genome annotation	hg19	bigBed	archived	546567cacd5d7d3ac52ae2dec764ee69
bed9	c7833572-0bba-4835-9d22-a45f39250d8d	ENCSR927WPP	roadmap-epigenomics:E009_15_coreMarks_dense.bed	b15147e2-eadb-44f3-bb89-597657a01d47	s3://regulomedb/Histone_modification/REMC_core_127/E009_15_coreMarks_mnemonics.bed.gz	semi-automated genome annotation	hg19	bigBed	archived	6f55daa8c5f1b10abee4ab3461a3907b2
bed9	c7833572-0bba-4835-9d22-a45f39250d8d	ENCSR240TWN	roadmap-epigenomics:E111_15_coreMarks_dense.bed	b15147e2-eadb-44f3-bb89-597657a01d47	s3://regulomedb/Histone_modification/REMC_core_127/E111_15_coreMarks_mnemonics.bed.gz	semi-automated genome annotation	hg19	bigBed	archived	31f0cc924d8600f1d5060a211eea437b2
bed9	c7833572-0bba-4835-9d22-a45f39250d8d	ENCSR880GBI	roadmap-epigenomics:E096_15_coreMarks_dense.bed	b15147e2-eadb-44f3-bb89-597657a01d47	s3://regulomedb/Histone_modification/REMC_core_127/E096_15_coreMarks_mnemonics.bed.gz	semi-automated genome annotation	hg19	bigBed	archived	0cbe5f9098791ba496c61b1d958ae13a2
bed9	c7833572-0bba-4835-9d22-a45f39250d8d	ENCSR372QEW	roadmap-epigenomics:E100_15_coreMarks_dense.bed	b15147e2-eadb-44f3-bb89-597657a01d47	s3://regulomedb/Histone_modification/REMC_core_127/E100_15_coreMarks_mnemonics.bed.gz	semi-automated genome annotation	hg19	bigBed	archived	da3ba4a08efe22264b75846d1bc82acd2
bed9	c7833572-0bba-4835-9d22-a45f39250d8d	ENCSR530QVO	roadmap-epigenomics:E035_15_coreMarks_dense.bed	b15147e2-eadb-44f3-bb89-597657a01d47	s3://regulomedb/Histone_modification/REMC_core_127/E035_15_coreMarks_mnemonics.bed.gz	semi-automated genome annotation	hg19	bigBed	archived	dec34cf4ae8ca79fcba6a0d4b99231ec2
bed9	c7833572-0bba-4835-9d22-a45f39250d8d	ENCSR695EDP	roadmap-epigenomics:E032_15_coreMarks_dense.bed	b15147e2-eadb-44f3-bb89-597657a01d47	s3://regulomedb/Histone_modification/REMC_core_127/E032_15_coreMarks_mnemonics.bed.gz	semi-automated genome annotation	hg19	bigBed	archived	4fe43b5fbff1e9ffcf5715ea45c036622
bed9	c7833572-0bba-4835-9d22-a45f39250d8d	ENCSR449UUJ	roadmap-epigenomics:E018_15_coreMarks_dense.bed	b15147e2-eadb-44f3-bb89-597657a01d47	s3://regulomedb/Histone_modification/REMC_core_127/E018_15_coreMarks_mnemonics.bed.gz	semi-automated genome annotation	hg19	bigBed	archived	0aae19333d01d1cabaad67c3cfe707852
bed9	c7833572-0bba-4835-9d22-a45f39250d8d	ENCSR069ILZ	roadmap-epigenomics:E054_15_coreMarks_dense.bed	b15147e2-eadb-44f3-bb89-597657a01d47	s3://regulomedb/Histone_modification/REMC_core_127/E054_15_coreMarks_mnemonics.bed.gz	semi-automated genome annotation	hg19	bigBed	archived	4bd509939020a905ff0cfbabc3c4eb962
bed9	c7833572-0bba-4835-9d22-a45f39250d8d	ENCSR300DMV	roadmap-epigenomics:E044_15_coreMarks_dense.bed	b15147e2-eadb-44f3-bb89-597657a01d47	s3://regulomedb/Histone_modification/REMC_core_127/E044_15_coreMarks_mnemonics.bed.gz	semi-automated genome annotation	hg19	bigBed	archived	eac02d55b188b6d634c3c0d33645ae6f2
bed9	c7833572-0bba-4835-9d22-a45f39250d8d	ENCSR191LKH	roadmap-epigenomics:E017_15_coreMarks_dense.bed	b15147e2-eadb-44f3-bb89-597657a01d47	s3://regulomedb/Histone_modification/REMC_core_127/E017_15_coreMarks_mnemonics.bed.gz	semi-automated genome annotation	hg19	bigBed	archived	d76d2538d03c479b2a08723e14c2b7e33
bed9	c7833572-0bba-4835-9d22-a45f39250d8d	ENCSR063OPD	roadmap-epigenomics:E055_15_coreMarks_dense.bed	b15147e2-eadb-44f3-bb89-597657a01d47	s3://regulomedb/Histone_modification/REMC_core_127/E055_15_coreMarks_mnemonics.bed.gz	semi-automated genome annotation	hg19	bigBed	archived	a6f3d3f5e8b8abd5639545448cf1cbf43
bed9	c7833572-0bba-4835-9d22-a45f39250d8d	ENCSR379GLC	roadmap-epigenomics:E008_15_coreMarks_dense.bed	b15147e2-eadb-44f3-bb89-597657a01d47	s3://regulomedb/Histone_modification/REMC_core_127/E008_15_coreMarks_mnemonics.bed.gz	semi-automated genome annotation	hg19	bigBed	archived	3afd356eef9adfa68c7e0792d3f0b73a2
bed9	c7833572-0bba-4835-9d22-a45f39250d8d	ENCSR069SXL	roadmap-epigenomics:E107_15_coreMarks_dense.bed	b15147e2-eadb-44f3-bb89-597657a01d47	s3://regulomedb/Histone_modification/REMC_core_127/E107_15_coreMarks_mnemonics.bed.gz	semi-automated genome annotation	hg19	bigBed	archived	97150fcbf5b5812463994ced11d7c01f2
bed9	c7833572-0bba-4835-9d22-a45f39250d8d	ENCSR001YCP	roadmap-epigenomics:E095_15_coreMarks_dense.bed	b15147e2-eadb-44f3-bb89-597657a01d47	s3://regulomedb/Histone_modification/REMC_core_127/E095_15_coreMarks_mnemonics.bed.gz	semi-automated genome annotation	hg19	bigBed	archived	e565f8bf2b0222667f5704bde2ad46342
bed9	c7833572-0bba-4835-9d22-a45f39250d8d	ENCSR388YSL	roadmap-epigenomics:E048_15_coreMarks_dense.bed	b15147e2-eadb-44f3-bb89-597657a01d47	s3://regulomedb/Histone_modification/REMC_core_127/E048_15_coreMarks_mnemonics.bed.gz	semi-automated genome annotation	hg19	bigBed	archived	c414f6ba3369dd8d01ec7d364059f2262
bed9	c7833572-0bba-4835-9d22-a45f39250d8d	ENCSR426USY	roadmap-epigenomics:E129_15_coreMarks_dense.bed	b15147e2-eadb-44f3-bb89-597657a01d47	s3://regulomedb/Histone_modification/REMC_core_127/E129_15_coreMarks_mnemonics.bed.gz	semi-automated genome annotation	hg19	bigBed	archived	ecaa7ec636f9d17ea713a5e802acc3212
bed9	c7833572-0bba-4835-9d22-a45f39250d8d	ENCSR152KQC	roadmap-epigenomics:E089_15_coreMarks_dense.bed	b15147e2-eadb-44f3-bb89-597657a01d47	s3://regulomedb/Histone_modification/REMC_core_127/E089_15_coreMarks_mnemonics.bed.gz	semi-automated genome annotation	hg19	bigBed	archived	516b721589764d795d55a39267aa61f42
bed9	c7833572-0bba-4835-9d22-a45f39250d8d	ENCSR961EMW	roadmap-epigenomics:E118_15_coreMarks_dense.bed	b15147e2-eadb-44f3-bb89-597657a01d47	s3://regulomedb/Histone_modification/REMC_core_127/E118_15_coreMarks_mnemonics.bed.gz	semi-automated genome annotation	hg19	bigBed	archived	8b4b8c1104369aa60fb122ce65d8d71e3
bed9	c7833572-0bba-4835-9d22-a45f39250d8d	ENCSR182MNO	roadmap-epigenomics:E021_15_coreMarks_dense.bed	b15147e2-eadb-44f3-bb89-597657a01d47	s3://regulomedb/Histone_modification/REMC_core_127/E021_15_coreMarks_mnemonics.bed.gz	semi-automated genome annotation	hg19	bigBed	archived	44fdd3a8e4cb63e01d2a6b4c3c5216cf2
bed9	c7833572-0bba-4835-9d22-a45f39250d8d	ENCSR426VYP	roadmap-epigenomics:E024_15_coreMarks_dense.bed	b15147e2-eadb-44f3-bb89-597657a01d47	s3://regulomedb/Histone_modification/REMC_core_127/E024_15_coreMarks_mnemonics.bed.gz	semi-automated genome annotation	hg19	bigBed	archived	2a5498b06f59f719aea992ecf0c46c7f2
bed9	c7833572-0bba-4835-9d22-a45f39250d8d	ENCSR398UVA	roadmap-epigenomics:E069_15_coreMarks_dense.bed	b15147e2-eadb-44f3-bb89-597657a01d47	s3://regulomedb/Histone_modification/REMC_core_127/E069_15_coreMarks_mnemonics.bed.gz	semi-automated genome annotation	hg19	bigBed	archived	14aa4393a6ed19755605adc870497ddd2
bed9	c7833572-0bba-4835-9d22-a45f39250d8d	ENCSR930HYG	roadmap-epigenomics:E128_15_coreMarks_dense.bed	b15147e2-eadb-44f3-bb89-597657a01d47	s3://regulomedb/Histone_modification/REMC_core_127/E128_15_coreMarks_mnemonics.bed.gz	semi-automated genome annotation	hg19	bigBed	archived	7d4871d5fdbfacd19093974f30b40bf92
bed9	c7833572-0bba-4835-9d22-a45f39250d8d	ENCSR923IMA	roadmap-epigenomics:E066_15_coreMarks_dense.bed	b15147e2-eadb-44f3-bb89-597657a01d47	s3://regulomedb/Histone_modification/REMC_core_127/E066_15_coreMarks_mnemonics.bed.gz	semi-automated genome annotation	hg19	bigBed	archived	44a2dea41fe4d65b619411596832bd132
bed9	c7833572-0bba-4835-9d22-a45f39250d8d	ENCSR289DGO	roadmap-epigenomics:E022_15_coreMarks_dense.bed	b15147e2-eadb-44f3-bb89-597657a01d47	s3://regulomedb/Histone_modification/REMC_core_127/E022_15_coreMarks_mnemonics.bed.gz	semi-automated genome annotation	hg19	bigBed	archived	51651be134ba1fec1344473f6624c6c32
bed9	c7833572-0bba-4835-9d22-a45f39250d8d	ENCSR617NUK	roadmap-epigenomics:E113_15_coreMarks_dense.bed	b15147e2-eadb-44f3-bb89-597657a01d47	s3://regulomedb/Histone_modification/REMC_core_127/E113_15_coreMarks_mnemonics.bed.gz	semi-automated genome annotation	hg19	bigBed	archived	6bfd6bc40d6bc2921bee59f0052b93fa2
bed9	c7833572-0bba-4835-9d22-a45f39250d8d	ENCSR928WLB	roadmap-epigenomics:E110_15_coreMarks_dense.bed	b15147e2-eadb-44f3-bb89-597657a01d47	s3://regulomedb/Histone_modification/REMC_core_127/E110_15_coreMarks_mnemonics.bed.gz	semi-automated genome annotation	hg19	bigBed	archived	fa16245b598f296e2fa1acaa079727712
bed9	c7833572-0bba-4835-9d22-a45f39250d8d	ENCSR824PCE	roadmap-epigenomics:E027_15_coreMarks_dense.bed	b15147e2-eadb-44f3-bb89-597657a01d47	s3://regulomedb/Histone_modification/REMC_core_127/E027_15_coreMarks_mnemonics.bed.gz	semi-automated genome annotation	hg19	bigBed	archived	c322dcc248606d97a0a360e5da8471093
bed9	c7833572-0bba-4835-9d22-a45f39250d8d	ENCSR718HVM	roadmap-epigenomics:E056_15_coreMarks_dense.bed	b15147e2-eadb-44f3-bb89-597657a01d47	s3://regulomedb/Histone_modification/REMC_core_127/E056_15_coreMarks_mnemonics.bed.gz	semi-automated genome annotation	hg19	bigBed	archived	960d772e7afea78ee7a89489eba87f253
bed9	c7833572-0bba-4835-9d22-a45f39250d8d	ENCSR712FRJ	roadmap-epigenomics:E103_15_coreMarks_dense.bed	b15147e2-eadb-44f3-bb89-597657a01d47	s3://regulomedb/Histone_modification/REMC_core_127/E103_15_coreMarks_mnemonics.bed.gz	semi-automated genome annotation	hg19	bigBed	archived	ec92b75162962b9e186e4a4d6dbb29992
bed9	c7833572-0bba-4835-9d22-a45f39250d8d	ENCSR622JSB	roadmap-epigenomics:E059_15_coreMarks_dense.bed	b15147e2-eadb-44f3-bb89-597657a01d47	s3://regulomedb/Histone_modification/REMC_core_127/E059_15_coreMarks_mnemonics.bed.gz	semi-automated genome annotation	hg19	bigBed	archived	398785f696ccf5a5a85024323f36475d2
bed9	c7833572-0bba-4835-9d22-a45f39250d8d	ENCSR133QIX	roadmap-epigenomics:E037_15_coreMarks_dense.bed	b15147e2-eadb-44f3-bb89-597657a01d47	s3://regulomedb/Histone_modification/REMC_core_127/E037_15_coreMarks_mnemonics.bed.gz	semi-automated genome annotation	hg19	bigBed	archived	800108cbb357a31c5684b7b6171ec9322
bed9	c7833572-0bba-4835-9d22-a45f39250d8d	ENCSR606RFZ	roadmap-epigenomics:E036_15_coreMarks_dense.bed	b15147e2-eadb-44f3-bb89-597657a01d47	s3://regulomedb/Histone_modification/REMC_core_127/E036_15_coreMarks_mnemonics.bed.gz	semi-automated genome annotation	hg19	bigBed	archived	f041106e9f920d2de07fc0338be512fe2
bed9	c7833572-0bba-4835-9d22-a45f39250d8d	ENCSR779MLL	roadmap-epigenomics:E004_15_coreMarks_dense.bed	b15147e2-eadb-44f3-bb89-597657a01d47	s3://regulomedb/Histone_modification/REMC_core_127/E004_15_coreMarks_mnemonics.bed.gz	semi-automated genome annotation	hg19	bigBed	archived	d9611f95960616af00021e44518b5a252
bed9	c7833572-0bba-4835-9d22-a45f39250d8d	ENCSR822JGY	roadmap-epigenomics:E093_15_coreMarks_dense.bed	b15147e2-eadb-44f3-bb89-597657a01d47	s3://regulomedb/Histone_modification/REMC_core_127/E093_15_coreMarks_mnemonics.bed.gz	semi-automated genome annotation	hg19	bigBed	archived	38f2d991ed96feb9a82572508659e2ae2
bed9	c7833572-0bba-4835-9d22-a45f39250d8d	ENCSR999LTL	roadmap-epigenomics:E050_15_coreMarks_dense.bed	b15147e2-eadb-44f3-bb89-597657a01d47	s3://regulomedb/Histone_modification/REMC_core_127/E050_15_coreMarks_mnemonics.bed.gz	semi-automated genome annotation	hg19	bigBed	archived	c9ca49c544e0bb44291a081ed48e2cce2
bed9	c7833572-0bba-4835-9d22-a45f39250d8d	ENCSR091OAN	roadmap-epigenomics:E105_15_coreMarks_dense.bed	b15147e2-eadb-44f3-bb89-597657a01d47	s3://regulomedb/Histone_modification/REMC_core_127/E105_15_coreMarks_mnemonics.bed.gz	semi-automated genome annotation	hg19	bigBed	archived	c890820492b8d6155b144290085851b32
bed9	c7833572-0bba-4835-9d22-a45f39250d8d	ENCSR958WQM	roadmap-epigenomics:E028_15_coreMarks_dense.bed	b15147e2-eadb-44f3-bb89-597657a01d47	s3://regulomedb/Histone_modification/REMC_core_127/E028_15_coreMarks_mnemonics.bed.gz	semi-automated genome annotation	hg19	bigBed	archived	a654f7d09f05fe0cae26d194324677302
bed9	c7833572-0bba-4835-9d22-a45f39250d8d	ENCSR221DNB	roadmap-epigenomics:E040_15_coreMarks_dense.bed	b15147e2-eadb-44f3-bb89-597657a01d47	s3://regulomedb/Histone_modification/REMC_core_127/E040_15_coreMarks_mnemonics.bed.gz	semi-automated genome annotation	hg19	bigBed	archived	debb094c9effaf7f126a875a0d2388342
bed9	c7833572-0bba-4835-9d22-a45f39250d8d	ENCSR707HWL	roadmap-epigenomics:E092_15_coreMarks_dense.bed	b15147e2-eadb-44f3-bb89-597657a01d47	s3://regulomedb/Histone_modification/REMC_core_127/E092_15_coreMarks_mnemonics.bed.gz	semi-automated genome annotation	hg19	bigBed	archived	59950072c7726a0867a270f45229d42e2
bed9	c7833572-0bba-4835-9d22-a45f39250d8d	ENCSR464RIB	roadmap-epigenomics:E098_15_coreMarks_dense.bed	b15147e2-eadb-44f3-bb89-597657a01d47	s3://regulomedb/Histone_modification/REMC_core_127/E098_15_coreMarks_mnemonics.bed.gz	semi-automated genome annotation	hg19	bigBed	archived	44b7e272e9b3a5d89de1ccdc34f0a8772
bed9	c7833572-0bba-4835-9d22-a45f39250d8d	ENCSR738ZNM	roadmap-epigenomics:E053_15_coreMarks_dense.bed	b15147e2-eadb-44f3-bb89-597657a01d47	s3://regulomedb/Histone_modification/REMC_core_127/E053_15_coreMarks_mnemonics.bed.gz	semi-automated genome annotation	hg19	bigBed	archived	f0fd096be5fdb87324f8b0f1dad28b792